<?xml version="1.0" encoding="UTF-8"?>
<project-private xmlns="http://www.netbeans.org/ns/project-private/1">
    <editor-bookmarks xmlns="http://www.netbeans.org/ns/editor-bookmarks/2" lastBookmarkId="0"/>
    <open-files xmlns="http://www.netbeans.org/ns/projectui-open-files/2">
        <group>
            <file>file:/C:/Users/Taniya%20Saini/Documents/NetBeansProjects/Resister%20and%20login/web/login_1.jsp</file>
            <file>file:/C:/Users/Taniya%20Saini/Documents/NetBeansProjects/Resister%20and%20login/web/htmljsp.jsp</file>
            <file>file:/C:/Users/Taniya%20Saini/Documents/NetBeansProjects/Resister%20and%20login/web/chatmsg.jsp</file>
            <file>file:/C:/Users/Taniya%20Saini/Documents/NetBeansProjects/Resister%20and%20login/web/insertion2.jsp</file>
            <file>file:/C:/Users/Taniya%20Saini/Documents/NetBeansProjects/Resister%20and%20login/web/connection1.jsp</file>
        </group>
    </open-files>
</project-private>
